{"cameraMode":{"drawMode":0,"name":"Shaded","section":"Shading Mode"},"sceneLighting":false,"audioPlay":false,"sceneViewState":{"m_AlwaysRefresh":false,"showFog":true,"showSkybox":false,"showFlares":true,"showImageEffects":true,"showParticleSystems":true,"showVisualEffectGraphs":true,"m_FxEnabled":true},"in2DMode":false,"pivot":{"x":0.4027661383152008,"y":1.1484581232070923,"z":1.9029690027236939},"rotation":{"x":-0.24364838004112245,"y":0.6887761950492859,"z":-0.26700010895729067,"w":-0.6285337805747986},"size":3.8023154735565187,"orthographic":false}