{"cameraMode":{"drawMode":0,"name":"Shaded","section":"Shading Mode"},"sceneLighting":false,"audioPlay":false,"sceneViewState":{"m_AlwaysRefresh":false,"showFog":true,"showSkybox":false,"showFlares":true,"showImageEffects":true,"showParticleSystems":true,"showVisualEffectGraphs":true,"m_FxEnabled":true},"in2DMode":false,"pivot":{"x":0.5562355518341065,"y":-1.2284828424453736,"z":-0.27243608236312868},"rotation":{"x":-0.25062572956085207,"y":0.6677829027175903,"z":-0.25656208395957949,"w":-0.6523386836051941},"size":2.3305628299713136,"orthographic":false}