{"cameraMode":{"drawMode":0,"name":"Shaded","section":"Shading Mode"},"sceneLighting":false,"audioPlay":false,"sceneViewState":{"m_AlwaysRefresh":false,"showFog":true,"showSkybox":false,"showFlares":true,"showImageEffects":true,"showParticleSystems":true,"showVisualEffectGraphs":true,"m_FxEnabled":true},"in2DMode":false,"pivot":{"x":0.23013338446617127,"y":1.0356824398040772,"z":-0.23790015280246736},"rotation":{"x":-0.24364838004112245,"y":0.6887761950492859,"z":-0.26700010895729067,"w":-0.6285337805747986},"size":8.396419525146485,"orthographic":false}