{"cameraMode":{"drawMode":0,"name":"Shaded","section":"Shading Mode"},"sceneLighting":false,"audioPlay":false,"sceneViewState":{"m_AlwaysRefresh":false,"showFog":true,"showSkybox":false,"showFlares":true,"showImageEffects":true,"showParticleSystems":true,"showVisualEffectGraphs":true,"m_FxEnabled":true},"in2DMode":false,"pivot":{"x":0.42609214782714846,"y":2.1123132705688478,"z":7.929300785064697},"rotation":{"x":0.002247714903205633,"y":0.9061418175697327,"z":-0.4230680763721466,"w":0.004801283590495586},"size":23.320728302001954,"orthographic":false}