{"cameraMode":{"drawMode":0,"name":"Shaded","section":"Shading Mode"},"sceneLighting":false,"audioPlay":false,"sceneViewState":{"m_AlwaysRefresh":false,"showFog":true,"showSkybox":false,"showFlares":true,"showImageEffects":true,"showParticleSystems":true,"showVisualEffectGraphs":true,"m_FxEnabled":true},"in2DMode":false,"pivot":{"x":0.014966964721679688,"y":1.2389726638793946,"z":8.356133460998536},"rotation":{"x":0.002247714903205633,"y":0.9061418175697327,"z":-0.4230680763721466,"w":0.004801283590495586},"size":22.32311248779297,"orthographic":false}